Query_ID	Target_ID	Optimal_offset	p-value	E-value	q-value	Overlap	Query_consensus	Target_consensus	Orientation
1-AGTGCTGGGATTAVA	2-AATCCCAGCACTYGG	3	3.12603e-06	3.12603e-05	6.25205e-05	12	AGTGCTGGGATTAAA	CCAAGTGCTGGGATT	-
1-AGTGCTGGGATTAVA	1-AGTTCVAGGCCAGC	-3	0.0145138	0.145138	0.145138	12	AGTGCTGGGATTAAA	GCTGGCCTCGAACT	-
1-AGTGCTGGGATTAVA	9-CCCMRCCCC	0	0.0604456	0.604456	0.402971	9	AGTGCTGGGATTAAA	GGGGTGGGG	-
1-AGTGCTGGGATTAVA	7-CCTGAGTTCAAT	-3	0.0845525	0.845526	0.422763	12	AGTGCTGGGATTAAA	CCTGAGTTCAAT	+
1-AGTGCTGGGATTAVA	5-RTGGTGGYDCACRCC	-1	0.25739	2.5739	0.914066	14	AGTGCTGGGATTAAA	GTGGTGGCGCACACC	+
1-AGTGCTGGGATTAVA	10-AAACCCTGTCTCRA	2	0.313443	3.13443	0.914066	12	AGTGCTGGGATTAAA	TTGAGACAGGGTTT	-
1-AGTGCTGGGATTAVA	3-CTGGTCTACADAGT	-4	0.319923	3.19923	0.914066	11	AGTGCTGGGATTAAA	CTGGTCTACAGAGT	+
1-AGTGCTGGGATTAVA	8-CTGGAGAGATGGCTC	4	0.431066	4.31066	0.975385	11	AGTGCTGGGATTAAA	CTGGAGAGATGGCTC	+
1-AGTGCTGGGATTAVA	4-AGAGGCAGGMGGATY	3	0.781076	7.81076	1	12	AGTGCTGGGATTAAA	AGAGGCAGGCGGATT	+
1-AGTGCTGGGATTAVA	6-AAAMAAAANAAA	0	0.892999	8.92999	1	12	AGTGCTGGGATTAAA	TTTATTTTTTTT	-
2-AAAYAAAMAAAMAMA	6-AAAMAAAANAAA	0	2.02231e-05	0.000202231	0.000404462	12	AAACAAACAAAAAAA	AAAAAAAATAAA	+
2-AAAYAAAMAAAMAMA	10-AAACCCTGTCTCRA	0	0.799367	7.99367	1	14	AAACAAACAAAAAAA	AAACCCTGTCTCAA	+
2-AAAYAAAMAAAMAMA	7-CCTGAGTTCAAT	-1	0.833299	8.33299	1	12	AAACAAACAAAAAAA	ATTGAACTCAGG	-
2-AAAYAAAMAAAMAMA	4-AGAGGCAGGMGGATY	-2	0.884494	8.84494	1	13	AAACAAACAAAAAAA	AGAGGCAGGCGGATT	+
2-AAAYAAAMAAAMAMA	3-CTGGTCTACADAGT	3	0.898275	8.98275	1	11	AAACAAACAAAAAAA	ACTCTGTAGACCAG	-
2-AAAYAAAMAAAMAMA	5-RTGGTGGYDCACRCC	5	0.944783	9.44783	1	10	AAACAAACAAAAAAA	GGTGTGCGCCACCAC	-
2-AAAYAAAMAAAMAMA	8-CTGGAGAGATGGCTC	0	0.969235	9.69235	1	15	AAACAAACAAAAAAA	GAGCCATCTCTCCAG	-
2-AAAYAAAMAAAMAMA	2-AATCCCAGCACTYGG	-4	0.969235	9.69235	1	11	AAACAAACAAAAAAA	AATCCCAGCACTTGG	+
2-AAAYAAAMAAAMAMA	9-CCCMRCCCC	-1	0.978282	9.78282	1	9	AAACAAACAAAAAAA	CCCCACCCC	+
2-AAAYAAAMAAAMAMA	1-AGTTCVAGGCCAGC	6	0.989474	9.89474	1	8	AAACAAACAAAAAAA	AGTTCGAGGCCAGC	+
3-AGTTCVAGGCCAGC	1-AGTTCVAGGCCAGC	0	1.16758e-11	1.16758e-10	2.33516e-10	14	AGTTCAAGGCCAGC	AGTTCGAGGCCAGC	+
3-AGTTCVAGGCCAGC	7-CCTGAGTTCAAT	4	0.119161	1.19161	0.999993	8	AGTTCAAGGCCAGC	CCTGAGTTCAAT	+
3-AGTTCVAGGCCAGC	3-CTGGTCTACADAGT	1	0.175112	1.75112	0.999993	13	AGTTCAAGGCCAGC	ACTCTGTAGACCAG	-
3-AGTTCVAGGCCAGC	2-AATCCCAGCACTYGG	-5	0.283068	2.83068	0.999993	9	AGTTCAAGGCCAGC	AATCCCAGCACTTGG	+
3-AGTTCVAGGCCAGC	10-AAACCCTGTCTCRA	-3	0.307698	3.07698	0.999993	11	AGTTCAAGGCCAGC	TTGAGACAGGGTTT	-
3-AGTTCVAGGCCAGC	4-AGAGGCAGGMGGATY	-4	0.380502	3.80502	0.999993	10	AGTTCAAGGCCAGC	AGAGGCAGGCGGATT	+
3-AGTTCVAGGCCAGC	5-RTGGTGGYDCACRCC	2	0.498318	4.98318	0.999993	13	AGTTCAAGGCCAGC	GGTGTGCGCCACCAC	-
3-AGTTCVAGGCCAGC	8-CTGGAGAGATGGCTC	-6	0.712435	7.12435	0.999993	8	AGTTCAAGGCCAGC	GAGCCATCTCTCCAG	-
3-AGTTCVAGGCCAGC	9-CCCMRCCCC	-8	0.753101	7.53101	0.999993	6	AGTTCAAGGCCAGC	CCCCACCCC	+
3-AGTTCVAGGCCAGC	6-AAAMAAAANAAA	5	0.998565	9.98565	0.999993	7	AGTTCAAGGCCAGC	AAAAAAAATAAA	+
4-CCCCRCCC	9-CCCMRCCCC	0	7.34651e-05	0.000734651	0.0014693	8	CCCCGCCC	CCCCACCCC	+
4-CCCCRCCC	2-AATCCCAGCACTYGG	3	0.0638166	0.638166	0.638166	8	CCCCGCCC	AATCCCAGCACTTGG	+
4-CCCCRCCC	10-AAACCCTGTCTCRA	3	0.196441	1.96441	1	8	CCCCGCCC	AAACCCTGTCTCAA	+
4-CCCCRCCC	5-RTGGTGGYDCACRCC	6	0.250355	2.50355	1	8	CCCCGCCC	GGTGTGCGCCACCAC	-
4-CCCCRCCC	1-AGTTCVAGGCCAGC	5	0.374783	3.74783	1	8	CCCCGCCC	GCTGGCCTCGAACT	-
4-CCCCRCCC	4-AGAGGCAGGMGGATY	5	0.431109	4.31109	1	8	CCCCGCCC	AATCCGCCTGCCTCT	-
4-CCCCRCCC	8-CTGGAGAGATGGCTC	2	0.843064	8.43064	1	8	CCCCGCCC	GAGCCATCTCTCCAG	-
4-CCCCRCCC	7-CCTGAGTTCAAT	-1	0.976092	9.76092	1	7	CCCCGCCC	CCTGAGTTCAAT	+
4-CCCCRCCC	3-CTGGTCTACADAGT	4	0.99156	9.9156	1	8	CCCCGCCC	ACTCTGTAGACCAG	-
4-CCCCRCCC	6-AAAMAAAANAAA	2	1	10	1	8	CCCCGCCC	AAAAAAAATAAA	+
5-ACCCTGTCTCMAAAM	10-AAACCCTGTCTCRA	2	1.80899e-05	0.000180899	0.000361797	12	ACCCTGTCTCCAAAC	AAACCCTGTCTCAA	+
5-ACCCTGTCTCMAAAM	8-CTGGAGAGATGGCTC	2	0.008154	0.08154	0.08154	13	ACCCTGTCTCCAAAC	GAGCCATCTCTCCAG	-
5-ACCCTGTCTCMAAAM	7-CCTGAGTTCAAT	-2	0.0141094	0.141094	0.0940628	12	ACCCTGTCTCCAAAC	CCTGAGTTCAAT	+
5-ACCCTGTCTCMAAAM	3-CTGGTCTACADAGT	-2	0.0303322	0.303322	0.151661	13	ACCCTGTCTCCAAAC	CTGGTCTACAGAGT	+
5-ACCCTGTCTCMAAAM	1-AGTTCVAGGCCAGC	-2	0.0847842	0.847842	0.282614	13	ACCCTGTCTCCAAAC	GCTGGCCTCGAACT	-
5-ACCCTGTCTCMAAAM	9-CCCMRCCCC	-1	0.147289	1.47289	0.420825	9	ACCCTGTCTCCAAAC	CCCCACCCC	+
5-ACCCTGTCTCMAAAM	5-RTGGTGGYDCACRCC	0	0.244329	2.44329	0.610822	15	ACCCTGTCTCCAAAC	GTGGTGGCGCACACC	+
5-ACCCTGTCTCMAAAM	4-AGAGGCAGGMGGATY	4	0.407569	4.07569	0.905709	11	ACCCTGTCTCCAAAC	AATCCGCCTGCCTCT	-
5-ACCCTGTCTCMAAAM	2-AATCCCAGCACTYGG	1	0.895252	8.95252	1	14	ACCCTGTCTCCAAAC	AATCCCAGCACTTGG	+
5-ACCCTGTCTCMAAAM	6-AAAMAAAANAAA	-6	0.951694	9.51694	1	9	ACCCTGTCTCCAAAC	AAAAAAAATAAA	+
6-GAGATGGCTC	8-CTGGAGAGATGGCTC	5	2.21503e-06	2.21503e-05	4.43005e-05	10	GAGATGGCTC	CTGGAGAGATGGCTC	+
6-GAGATGGCTC	5-RTGGTGGYDCACRCC	0	0.0107877	0.107877	0.107877	10	GAGATGGCTC	GTGGTGGCGCACACC	+
6-GAGATGGCTC	10-AAACCCTGTCTCRA	4	0.148303	1.48303	0.808951	10	GAGATGGCTC	TTGAGACAGGGTTT	-
6-GAGATGGCTC	4-AGAGGCAGGMGGATY	5	0.258509	2.58509	0.993074	10	GAGATGGCTC	AGAGGCAGGCGGATT	+
6-GAGATGGCTC	9-CCCMRCCCC	0	0.297922	2.97922	0.993074	9	GAGATGGCTC	GGGGTGGGG	-
6-GAGATGGCTC	7-CCTGAGTTCAAT	3	0.390939	3.90939	0.999853	9	GAGATGGCTC	CCTGAGTTCAAT	+
6-GAGATGGCTC	1-AGTTCVAGGCCAGC	-2	0.496149	4.96149	0.999853	8	GAGATGGCTC	GCTGGCCTCGAACT	-
6-GAGATGGCTC	2-AATCCCAGCACTYGG	4	0.527308	5.27308	0.999853	10	GAGATGGCTC	CCAAGTGCTGGGATT	-
6-GAGATGGCTC	3-CTGGTCTACADAGT	2	0.991062	9.91062	0.999853	10	GAGATGGCTC	ACTCTGTAGACCAG	-
6-GAGATGGCTC	6-AAAMAAAANAAA	2	0.997513	9.97513	0.999853	10	GAGATGGCTC	TTTATTTTTTTT	-
7-RTGGTGGCDCACRCC	5-RTGGTGGYDCACRCC	0	5.59553e-16	5.59553e-15	1.11911e-14	15	ATGGTGGCTCACACC	GTGGTGGCGCACACC	+
7-RTGGTGGCDCACRCC	8-CTGGAGAGATGGCTC	5	0.106366	1.06366	1	10	ATGGTGGCTCACACC	CTGGAGAGATGGCTC	+
7-RTGGTGGCDCACRCC	9-CCCMRCCCC	0	0.169946	1.69946	1	9	ATGGTGGCTCACACC	GGGGTGGGG	-
7-RTGGTGGCDCACRCC	1-AGTTCVAGGCCAGC	-2	0.526773	5.26773	1	13	ATGGTGGCTCACACC	GCTGGCCTCGAACT	-
7-RTGGTGGCDCACRCC	10-AAACCCTGTCTCRA	2	0.551537	5.51537	1	12	ATGGTGGCTCACACC	AAACCCTGTCTCAA	+
7-RTGGTGGCDCACRCC	2-AATCCCAGCACTYGG	1	0.56274	5.6274	1	14	ATGGTGGCTCACACC	AATCCCAGCACTTGG	+
7-RTGGTGGCDCACRCC	4-AGAGGCAGGMGGATY	-3	0.600041	6.00041	1	12	ATGGTGGCTCACACC	AATCCGCCTGCCTCT	-
7-RTGGTGGCDCACRCC	7-CCTGAGTTCAAT	-3	0.720124	7.20124	1	12	ATGGTGGCTCACACC	ATTGAACTCAGG	-
7-RTGGTGGCDCACRCC	3-CTGGTCTACADAGT	-3	0.83204	8.3204	1	12	ATGGTGGCTCACACC	CTGGTCTACAGAGT	+
7-RTGGTGGCDCACRCC	6-AAAMAAAANAAA	3	0.981135	9.81135	1	9	ATGGTGGCTCACACC	TTTATTTTTTTT	-
8-CTGCCTCWGCCTCYC	4-AGAGGCAGGMGGATY	1	0.0131376	0.131376	0.262752	14	CTGCCTCTGCCTCCC	AATCCGCCTGCCTCT	-
8-CTGCCTCWGCCTCYC	9-CCCMRCCCC	-4	0.152592	1.52592	1	9	CTGCCTCTGCCTCCC	CCCCACCCC	+
8-CTGCCTCWGCCTCYC	5-RTGGTGGYDCACRCC	-1	0.234114	2.34114	1	14	CTGCCTCTGCCTCCC	GGTGTGCGCCACCAC	-
8-CTGCCTCWGCCTCYC	10-AAACCCTGTCTCRA	5	0.244289	2.44289	1	9	CTGCCTCTGCCTCCC	AAACCCTGTCTCAA	+
8-CTGCCTCWGCCTCYC	1-AGTTCVAGGCCAGC	2	0.303676	3.03676	1	12	CTGCCTCTGCCTCCC	GCTGGCCTCGAACT	-
8-CTGCCTCWGCCTCYC	3-CTGGTCTACADAGT	-3	0.414839	4.14839	1	12	CTGCCTCTGCCTCCC	ACTCTGTAGACCAG	-
8-CTGCCTCWGCCTCYC	8-CTGGAGAGATGGCTC	3	0.712178	7.12178	1	12	CTGCCTCTGCCTCCC	GAGCCATCTCTCCAG	-
8-CTGCCTCWGCCTCYC	7-CCTGAGTTCAAT	-3	0.849065	8.49065	1	12	CTGCCTCTGCCTCCC	CCTGAGTTCAAT	+
8-CTGCCTCWGCCTCYC	2-AATCCCAGCACTYGG	-1	0.917448	9.17448	1	14	CTGCCTCTGCCTCCC	AATCCCAGCACTTGG	+
8-CTGCCTCWGCCTCYC	6-AAAMAAAANAAA	0	0.997738	9.97738	1	12	CTGCCTCTGCCTCCC	TTTATTTTTTTT	-
9-CTGGTCTACAGAG	3-CTGGTCTACADAGT	0	2.20732e-08	2.20732e-07	4.41464e-07	13	CTGGTCTACAGAG	CTGGTCTACAGAGT	+
9-CTGGTCTACAGAG	8-CTGGAGAGATGGCTC	4	0.164303	1.64303	0.999794	11	CTGGTCTACAGAG	GAGCCATCTCTCCAG	-
9-CTGGTCTACAGAG	1-AGTTCVAGGCCAGC	1	0.217791	2.17791	0.999794	13	CTGGTCTACAGAG	GCTGGCCTCGAACT	-
9-CTGGTCTACAGAG	10-AAACCCTGTCTCRA	4	0.408105	4.08105	0.999794	10	CTGGTCTACAGAG	AAACCCTGTCTCAA	+
9-CTGGTCTACAGAG	7-CCTGAGTTCAAT	0	0.446496	4.46496	0.999794	12	CTGGTCTACAGAG	CCTGAGTTCAAT	+
9-CTGGTCTACAGAG	5-RTGGTGGYDCACRCC	3	0.645791	6.45791	0.999794	12	CTGGTCTACAGAG	GTGGTGGCGCACACC	+
9-CTGGTCTACAGAG	2-AATCCCAGCACTYGG	7	0.825959	8.25959	0.999794	8	CTGGTCTACAGAG	CCAAGTGCTGGGATT	-
9-CTGGTCTACAGAG	4-AGAGGCAGGMGGATY	1	0.841167	8.41167	0.999794	13	CTGGTCTACAGAG	AGAGGCAGGCGGATT	+
9-CTGGTCTACAGAG	9-CCCMRCCCC	-2	0.937288	9.37288	0.999794	9	CTGGTCTACAGAG	GGGGTGGGG	-
9-CTGGTCTACAGAG	6-AAAMAAAANAAA	0	0.984201	9.84201	0.999794	12	CTGGTCTACAGAG	TTTATTTTTTTT	-
10-CTCTGGAAGAGCAGY	3-CTGGTCTACADAGT	0	0.0842586	0.842586	0.999999	14	CTCTGGAAGAGCAGT	ACTCTGTAGACCAG	-
10-CTCTGGAAGAGCAGY	1-AGTTCVAGGCCAGC	-1	0.194183	1.94183	0.999999	14	CTCTGGAAGAGCAGT	AGTTCGAGGCCAGC	+
10-CTCTGGAAGAGCAGY	8-CTGGAGAGATGGCTC	-2	0.231972	2.31972	0.999999	13	CTCTGGAAGAGCAGT	CTGGAGAGATGGCTC	+
10-CTCTGGAAGAGCAGY	4-AGAGGCAGGMGGATY	0	0.399908	3.99908	0.999999	15	CTCTGGAAGAGCAGT	AGAGGCAGGCGGATT	+
10-CTCTGGAAGAGCAGY	10-AAACCCTGTCTCRA	-2	0.656317	6.56317	0.999999	13	CTCTGGAAGAGCAGT	TTGAGACAGGGTTT	-
10-CTCTGGAAGAGCAGY	7-CCTGAGTTCAAT	6	0.701393	7.01393	0.999999	6	CTCTGGAAGAGCAGT	ATTGAACTCAGG	-
10-CTCTGGAAGAGCAGY	5-RTGGTGGYDCACRCC	-2	0.731155	7.31155	0.999999	13	CTCTGGAAGAGCAGT	GTGGTGGCGCACACC	+
10-CTCTGGAAGAGCAGY	2-AATCCCAGCACTYGG	-6	0.783121	7.83121	0.999999	9	CTCTGGAAGAGCAGT	AATCCCAGCACTTGG	+
10-CTCTGGAAGAGCAGY	6-AAAMAAAANAAA	-6	0.946974	9.46974	0.999999	9	CTCTGGAAGAGCAGT	AAAAAAAATAAA	+
10-CTCTGGAAGAGCAGY	9-CCCMRCCCC	-3	0.953799	9.53799	0.999999	9	CTCTGGAAGAGCAGT	GGGGTGGGG	-
